address,suburb,state,postcode,full_address,price,sold date,type,bedrooms,bathrooms,car space,Land size,Building size,Year Built,rent,rent date,agent,lat,lng
30 Loftus Street,Nedlands,WA,6009,30 Loftus Street Nedlands WA 6009,"$1,540,000",2021-07-01,House,3,1,2,696,,1945-01-01,0,1900-01-01,Belinda Airey,-31.9778646,115.7928118
95 Broadway,Nedlands,WA,6009,95 Broadway Nedlands WA 6009,"$2,280,000",2021-07-01,House,5,3,0,883,268,1923-01-01,$995pw,2014-09-01,not recorded,-31.9827834,115.8142114
42 Kinninmont Avenue,Nedlands,WA,6009,42 Kinninmont Avenue Nedlands WA 6009,"$2,050,000",2021-07-01,House,3,1,1,1012,186,1950-01-01,0,1900-01-01,Jac Fear,-31.9776428,115.8049908
103/139 Broadway,Nedlands,WA,6009,103/139 Broadway Nedlands WA 6009,"$789,000",2021-07-01,Apartment,2,2,2,,91,2020-01-01,0,1900-01-01,not recorded,-31.9871316,115.8142114
15 Vincent Street,Nedlands,WA,6009,15 Vincent Street Nedlands WA 6009,"$1,960,000",2021-07-01,House,3,2,2,996,,1940-01-01,$650pw,2015-05-01,Simon Maynard,-31.9817459,115.7985894
19 Vincent Street,Nedlands,WA,6009,19 Vincent Street Nedlands WA 6009,"$1,960,000",2021-07-01,House,2,1,1,996,,1936-01-01,0,1900-01-01,Simon Maynard,-31.9820929,115.7986125
3/28 Stirling Highway,Nedlands,WA,6009,3/28 Stirling Highway Nedlands WA 6009,"$574,000",2021-07-01,Apartment,2,2,1,98,98,1979-01-01,$580pw,2015-10-01,Andy Thorpe,-31.9782863,115.8104797
50 Kanimbla Road,Nedlands,WA,6009,50 Kanimbla Road Nedlands WA 6009,"$1,000,000",2021-06-01,House,3,2,2,297,90,1985-01-01,0,1900-01-01,David Airey,-31.9742262,115.8157976
16 Williams Road,Nedlands,WA,6009,16 Williams Road Nedlands WA 6009,"$1,070,000",2021-06-01,House,2,1,1,455,115,1936-01-01,$450pw,2017-08-01,not recorded,-31.9720359,115.8095434
34 Bruce Street,Nedlands,WA,6009,34 Bruce Street Nedlands WA 6009,"$2,480,000",2021-06-01,House,4,2,6,883,282,1938-01-01,0,1900-01-01,Michelle Kerr,-31.9826149,115.8114614
29B Dalkeith Road,Nedlands,WA,6009,29B Dalkeith Road Nedlands WA 6009,"$1,100,000",2021-06-01,House,3,2,4,312,186,1999-01-01,$900pw,2013-08-01,Michelle Kerr,-31.9787328,115.8020327
1B Rockton Road,Nedlands,WA,6009,1B Rockton Road Nedlands WA 6009,"$1,175,000",2021-05-01,House,3,2,1,317,146,1989-01-01,$750pw,2020-03-01,not recorded,-31.9819076,115.7913111
135 Broadway,Nedlands,WA,6009,135 Broadway Nedlands WA 6009,"$2,375,000",2021-05-01,House,3,1,2,880,115,1918-01-01,$330pw,2020-04-01,Tony Cowan,-31.9867903,115.8142576
23 Meriwa Street,Nedlands,WA,6009,23 Meriwa Street Nedlands WA 6009,"$1,410,000",2021-05-01,House,3,2,2,513,215,1950-01-01,$800pw,2017-12-01,Michelle Kerr,-31.9729195,115.8100518
3/89-91 Stirling Highway,Nedlands,WA,6009,3/89-91 Stirling Highway Nedlands WA 6009,"$467,000",2021-05-01,Apartment,2,1,1,87,87,1937-01-01,$495pw,2021-04-01,Michelle Ralph,-31.97889,115.80332
36 Archdeacon Street,Nedlands,WA,6009,36 Archdeacon Street Nedlands WA 6009,"$2,980,000",2021-04-01,House,5,3,2,809,375,1950-01-01,0,1900-01-01,Michelle Kerr,-31.9819191,115.8103753
1/53 Stirling Highway,Nedlands,WA,6009,1/53 Stirling Highway Nedlands WA 6009,"$420,000",2021-04-01,Apartment,2,1,1,84,84,1966-01-01,$370pw,2020-03-01,Jac Fear,-31.9779168,115.8086549
4/14 Monash Avenue,Nedlands,WA,6009,4/14 Monash Avenue Nedlands WA 6009,"$615,000",2021-04-01,Townhouse,3,1,1,104,109,1981-01-01,0,1900-01-01,Marie Staniland,-31.970871,115.8164126
51 Stanley Street,Nedlands,WA,6009,51 Stanley Street Nedlands WA 6009,"$1,830,000",2021-04-01,House,6,2,2,1012,256,1949-01-01,$920pw,2018-03-01,not recorded,-31.9843093,115.8048059
2 Thomas Street,Nedlands,WA,6009,2 Thomas Street Nedlands WA 6009,"$1,850,000",2021-04-01,House,3,2,2,1046,101,1945-01-01,0,1900-01-01,Michelle Kerr,-31.9787993,115.8083417
7/59 Dalkeith Road,Nedlands,WA,6009,7/59 Dalkeith Road Nedlands WA 6009,"$620,000",2021-04-01,Townhouse,3,1,1,93,93,1978-01-01,$390pw,2020-08-01,Kate Gale,-31.9800931,115.8022618
88 Bruce Street,Nedlands,WA,6009,88 Bruce Street Nedlands WA 6009,"$1,530,000",2021-04-01,House,3,3,2,342,180,1950-01-01,0,1900-01-01,Michelle Kerr,-31.98993,115.81138
104 Williams Road,Nedlands,WA,6009,104 Williams Road Nedlands WA 6009,"$745,000",2021-03-01,House,2,1,1,343,93,1945-01-01,$380pw,2020-02-01,Alison Davies,-31.97729,115.80986
14 Karella Street,Nedlands,WA,6009,14 Karella Street Nedlands WA 6009,"$1,450,000",2021-03-01,House,3,3,2,594,205,1965-01-01,0,1900-01-01,Susan James,-31.9730945,115.8061001
14 Loch Street,Nedlands,WA,6009,14 Loch Street Nedlands WA 6009,"$950,000",2021-03-01,House,2,1,1,696,130,1920-01-01,0,1900-01-01,Stuart Paterson,-31.9766244,115.7916563
15/26 Broome Street,Nedlands,WA,6009,15/26 Broome Street Nedlands WA 6009,"$555,000",2021-03-01,House,3,1,1,110,110,1976-01-01,$430pw,2016-09-01,Peter Clements,-31.97934,115.79901
66 Bruce Street,Nedlands,WA,6009,66 Bruce Street Nedlands WA 6009,"$2,250,000",2021-03-01,House,6,3,2,880,403,1930-01-01,0,1900-01-01,not recorded,-31.9856994,115.811369
2/16 Monash Avenue,Nedlands,WA,6009,2/16 Monash Avenue Nedlands WA 6009,"$615,000",2021-03-01,Townhouse,3,1,1,107,107,1981-01-01,$495pw,2015-10-01,not recorded,-31.97087,115.81617
16 Mountjoy Road,Nedlands,WA,6009,16 Mountjoy Road Nedlands WA 6009,"$2,416,000",2021-03-01,House,4,2,2,1012,210,1960-01-01,0,1900-01-01,Mitra Roshan,-31.9811875,115.8017323
35 Langham Street,Nedlands,WA,6009,35 Langham Street Nedlands WA 6009,"$1,780,000",2021-02-01,House,4,2,2,908,220,1929-01-01,0,1900-01-01,Michelle Kerr,-31.9765359,115.8066547
45 Webster Street,Nedlands,WA,6009,45 Webster Street Nedlands WA 6009,"$2,928,888",2021-02-01,House,5,3,2,1012,379,1935-01-01,$1900pw,2019-05-01,James Thompson,-31.9833499,115.806077
37a Cooper Street,Nedlands,WA,6009,37a Cooper Street Nedlands WA 6009,"$865,000",2021-02-01,House,3,2,1,,102,1930-01-01,0,1900-01-01,not recorded,-31.97851,115.8113
8 Taylor Road,Nedlands,WA,6009,8 Taylor Road Nedlands WA 6009,"$1,850,000",2021-01-01,House,2,1,0,923,,1923-01-01,0,1900-01-01,not recorded,-31.9817557,115.7954926
33 Martin Avenue,Nedlands,WA,6009,33 Martin Avenue Nedlands WA 6009,"$1,650,000",2021-01-01,House,3,1,2,1012,,1925-01-01,0,1900-01-01,Michelle Kerr,-31.97903,115.7996524
45 Viewway,Nedlands,WA,6009,45 Viewway Nedlands WA 6009,"$1,900,000",2021-01-01,House,4,2,2,880,227,1937-01-01,0,1900-01-01,Michelle Kerr,-31.9855118,115.8119467
25 Elizabeth Street,Nedlands,WA,6009,25 Elizabeth Street Nedlands WA 6009,"$2,200,000",2021-01-01,House,4,2,4,809,280,1950-01-01,0,1900-01-01,Michelle Kerr,-31.9834966,115.8094047
10 Taylor Road,Nedlands,WA,6009,10 Taylor Road Nedlands WA 6009,"$1,750,000",2021-01-01,House,4,2,2,923,,1987-01-01,0,1900-01-01,not recorded,-31.981927,115.7955619
12 Taylor Road,Nedlands,WA,6009,12 Taylor Road Nedlands WA 6009,"$1,750,000",2021-01-01,House,5,2,1,923,,1977-01-01,0,1900-01-01,not recorded,-31.9820927,115.7955619
31 Napier Street,Nedlands,WA,6009,31 Napier Street Nedlands WA 6009,"$2,350,000",2021-01-01,House,4,2,2,696,317,2012-01-01,$850pw,2008-10-01,not recorded,-31.9780385,115.7932509
43 Viewway,Nedlands,WA,6009,43 Viewway Nedlands WA 6009,"$1,680,000",2020-12-01,House,4,2,2,880,170,1975-01-01,$800pw,2009-01-01,Michelle Kerr,-31.9853361,115.8119929
61 Meriwa Street,Nedlands,WA,6009,61 Meriwa Street Nedlands WA 6009,"$1,155,000",2020-12-01,House,2,1,1,456,98,1945-01-01,$550pw,2019-03-01,not recorded,-31.9753317,115.8100055
1/28 Stirling Highway,Nedlands,WA,6009,1/28 Stirling Highway Nedlands WA 6009,"$720,000",2020-12-01,House,4,2,1,109,109,1979-01-01,0,1900-01-01,Peter Clements,-31.9784269,115.8102127
81 Mountjoy Road,Nedlands,WA,6009,81 Mountjoy Road Nedlands WA 6009,"$2,750,000",2020-12-01,House,4,3,1,1013,395,2012-01-01,$500pw,2010-11-01,not recorded,-31.9875547,115.8009235
31 Waroonga Road,Nedlands,WA,6009,31 Waroonga Road Nedlands WA 6009,"$1,840,000",2020-12-01,House,3,2,4,923,147,1939-01-01,$950pw,2020-12-01,not recorded,-31.9848058,115.7926038
15 Dalkeith Road,Nedlands,WA,6009,15 Dalkeith Road Nedlands WA 6009,"$1,900,000",2020-11-01,House,4,2,2,1012,238,2011-01-01,0,1900-01-01,not recorded,-31.9771739,115.802287
46 Rockton Road,Nedlands,WA,6009,46 Rockton Road Nedlands WA 6009,"$1,628,000",2020-11-01,House,4,1,6,923,220,1967-01-01,0,1900-01-01,Ken Baker,-31.9856918,115.7919567
8/111 Stirling Highway,Nedlands,WA,6009,8/111 Stirling Highway Nedlands WA 6009,"$470,000",2020-11-01,House,3,1,1,73,73,1979-01-01,$400pw,2017-04-01,not recorded,-31.97934,115.80057
36 Webster Street,Nedlands,WA,6009,36 Webster Street Nedlands WA 6009,"$1,840,000",2020-11-01,House,4,1,1,1012,133,1933-01-01,0,1900-01-01,not recorded,-31.9823139,115.8067471
4/2a Marita Road,Nedlands,WA,6009,4/2a Marita Road Nedlands WA 6009,"$550,000",2020-11-01,Townhouse,2,1,1,83,77,1965-01-01,$625pw,2019-12-01,Paul Owen,-31.9808366,115.7967505
17 Kinninmont Avenue,Nedlands,WA,6009,17 Kinninmont Avenue Nedlands WA 6009,"$1,490,000",2020-11-01,House,3,2,1,1034,134,1937-01-01,0,1900-01-01,not recorded,-31.9747242,115.8044131
9/192 Hampden Road,Nedlands,WA,6009,9/192 Hampden Road Nedlands WA 6009,"$512,000",2020-11-01,Townhouse,3,2,2,152,108,1999-01-01,$400pw,2017-08-01,not recorded,-31.973727,115.8138647
25B Dalkeith Road,Nedlands,WA,6009,25B Dalkeith Road Nedlands WA 6009,"$1,750,000",2020-11-01,House,3,2,2,327,80,1965-01-01,0,1900-01-01,not recorded,-31.97839,115.80222
25A Dalkeith Road,Nedlands,WA,6009,25A Dalkeith Road Nedlands WA 6009,"$1,750,000",2020-11-01,House,3,2,2,393,94,1965-01-01,$500pw,2014-08-01,not recorded,-31.97839,115.80222
4/61 Stirling Highway,Nedlands,WA,6009,4/61 Stirling Highway Nedlands WA 6009,"$325,000",2020-11-01,Unit,2,1,0,98,90,1967-01-01,$400pw,2020-11-01,not recorded,-31.9780789,115.8074635
39 Marita Road,Nedlands,WA,6009,39 Marita Road Nedlands WA 6009,"$1,610,000",2020-11-01,House,3,2,2,923,137,1959-01-01,$825pw,2020-11-01,not recorded,-31.9849799,115.7960935
65 Mountjoy Road,Nedlands,WA,6009,65 Mountjoy Road Nedlands WA 6009,"$2,799,000",2020-11-01,House,5,5,2,1012,384,1937-01-01,0,1900-01-01,not recorded,-31.9859038,115.8009928
73 Smyth Road,Nedlands,WA,6009,73 Smyth Road Nedlands WA 6009,"$1,360,000",2020-10-01,House,3,2,1,1041,195,1954-01-01,$650pw,2019-04-01,Mitra Roshan,-31.9745403,115.8055454
95 Smyth Road,Nedlands,WA,6009,95 Smyth Road Nedlands WA 6009,"$1,620,000",2020-10-01,House,3,2,2,1020,188,1925-01-01,0,1900-01-01,not recorded,-31.9773924,115.8054761
8/35 Esplanade,Nedlands,WA,6009,8/35 Esplanade Nedlands WA 6009,"$1,290,000",2020-10-01,Apartment,3,2,2,211,146,2008-01-01,0,1900-01-01,not recorded,-31.9892903,115.8158059
23B Bulimba Road,Nedlands,WA,6009,23B Bulimba Road Nedlands WA 6009,"$1,058,000",2020-10-01,House,3,2,2,519,180,1958-01-01,0,1900-01-01,Murray Peter,-31.98373,115.79368
2/35 Esplanade,Nedlands,WA,6009,2/35 Esplanade Nedlands WA 6009,"$1,600,000",2020-10-01,Apartment,2,2,2,222,140,2008-01-01,$1350pw,2021-02-01,not recorded,-31.9892903,115.8158059
48 Doonan Road,Nedlands,WA,6009,48 Doonan Road Nedlands WA 6009,"$1,650,000",2020-10-01,House,3,2,3,997,242,1950-01-01,$575pw,2019-07-01,not recorded,-31.9850497,115.7979654
1/3 VIncent Street,Nedlands,WA,6009,1/3 VIncent Street Nedlands WA 6009,"$510,000",2020-10-01,Townhouse,2,1,1,69,69,1979-01-01,$385pw,2009-10-01,not recorded,-31.9805,115.79824
19/28 Stirling Highway,Nedlands,WA,6009,19/28 Stirling Highway Nedlands WA 6009,"$515,000",2020-09-01,Townhouse,2,1,1,102,90,1979-01-01,$400pw,2016-07-01,not recorded,-31.9782863,115.8104797
29 Portland Street,Nedlands,WA,6009,29 Portland Street Nedlands WA 6009,"$1,635,000",2020-09-01,House,3,1,2,907,181,1936-01-01,$750pw,2019-02-01,not recorded,-31.9758036,115.8078333
81 Vincent Street,Nedlands,WA,6009,81 Vincent Street Nedlands WA 6009,"$1,730,000",2020-08-01,House,4,2,2,1165,195,1939-01-01,0,1900-01-01,not recorded,-31.9881595,115.79852
2/26 Broome Street,Nedlands,WA,6009,2/26 Broome Street Nedlands WA 6009,"$430,000",2020-08-01,Townhouse,2,1,1,82,64,1976-01-01,0,1900-01-01,not recorded,-31.97934,115.79901
2/63 Stirling Highway,Nedlands,WA,6009,2/63 Stirling Highway Nedlands WA 6009,"$430,000",2020-08-01,Townhouse,2,1,0,88,70,1949-01-01,$350pw,2018-09-01,not recorded,-31.9820616,115.7851975
40 Boronia Avenue,Nedlands,WA,6009,40 Boronia Avenue Nedlands WA 6009,"$1,820,000",2020-08-01,House,5,3,6,1013,248,1938-01-01,$1200pw,2020-10-01,not recorded,-31.9774495,115.803974
20 Webster Street,Nedlands,WA,6009,20 Webster Street Nedlands WA 6009,"$1,900,000",2020-08-01,House,3,1,2,1012,,1933-01-01,0,1900-01-01,not recorded,-31.9806416,115.806724
22/35 Esplanade,Nedlands,WA,6009,22/35 Esplanade Nedlands WA 6009,"$2,400,000",2020-07-01,Apartment,3,4,2,240,179,2008-01-01,0,1900-01-01,not recorded,-31.9892903,115.8158059
70 Viewway,Nedlands,WA,6009,70 Viewway Nedlands WA 6009,"$1,635,000",2020-07-01,House,3,2,2,911,,1971-01-01,$960pw,2020-09-01,not recorded,-31.9878283,115.811577
39 Tyrell Street,Nedlands,WA,6009,39 Tyrell Street Nedlands WA 6009,"$1,900,000",2020-07-01,House,5,3,2,1012,285,1930-01-01,0,1900-01-01,not recorded,-31.9828434,115.8085034
10/26 Broome Street,Nedlands,WA,6009,10/26 Broome Street Nedlands WA 6009,"$520,000",2020-07-01,Townhouse,3,1,2,110,110,1976-01-01,$440pw,2019-05-01,not recorded,-31.97934,115.79901
51 Florence Road,Nedlands,WA,6009,51 Florence Road Nedlands WA 6009,"$1,625,000",2020-07-01,House,4,2,2,1012,215,1950-01-01,$950pw,2020-07-01,not recorded,-31.9849845,115.8036042
22 Ord Street,Nedlands,WA,6009,22 Ord Street Nedlands WA 6009,"$1,722,500",2020-06-01,House,5,3,3,696,289,2019-01-01,$1300pw,2020-05-01,not recorded,-31.9772286,115.7951691
70 Vincent Street,Nedlands,WA,6009,70 Vincent Street Nedlands WA 6009,"$2,720,000",2020-06-01,House,5,3,2,1133,436,2015-01-01,0,1900-01-01,not recorded,-31.987522,115.7991671
105/30 The Avenue,Nedlands,WA,6009,105/30 The Avenue Nedlands WA 6009,"$920,000",2020-06-01,Apartment,2,3,2,181,121,2009-01-01,$850pw,2020-03-01,Cheryl Stewart,-31.988934,115.8151588
22 Kingston Street,Nedlands,WA,6009,22 Kingston Street Nedlands WA 6009,"$2,150,000",2020-06-01,House,4,2,4,1277,355,1977-01-01,$1800pw,2020-03-01,not recorded,-31.9670778,115.8135874
16 Viewway,Nedlands,WA,6009,16 Viewway Nedlands WA 6009,"$1,500,000",2020-06-01,House,4,2,2,880,171,1972-01-01,$625pw,2020-04-01,not recorded,-31.982441,115.8125475
3/29 The Avenue,Nedlands,WA,6009,3/29 The Avenue Nedlands WA 6009,"$875,000",2020-05-01,Townhouse,2,2,2,158,131,2002-01-01,0,1900-01-01,not recorded,-31.9884106,115.814939
20 Kingsway,Nedlands,WA,6009,20 Kingsway Nedlands WA 6009,"$1,800,000",2020-05-01,House,4,1,1,880,177,1950-01-01,$850pw,2014-08-01,not recorded,-31.9822827,115.8136568
47 Bulimba Road,Nedlands,WA,6009,47 Bulimba Road Nedlands WA 6009,"$2,100,000",2020-05-01,House,4,2,6,923,246,1939-01-01,$1350pw,2015-07-01,not recorded,-31.986113,115.7937362
10/28 Stirling Highway,Nedlands,WA,6009,10/28 Stirling Highway Nedlands WA 6009,"$415,000",2020-05-01,Unit,2,1,1,101,101,1979-01-01,0,1900-01-01,not recorded,-31.9782863,115.8104797
104 Tyrell Street,Nedlands,WA,6009,104 Tyrell Street Nedlands WA 6009,"$1,700,000",2020-05-01,House,6,3,2,834,,1955-01-01,0,1900-01-01,not recorded,-31.9889103,115.809266
55 Kingsway,Nedlands,WA,6009,55 Kingsway Nedlands WA 6009,"$1,975,000",2020-05-01,House,3,2,2,875,262,1999-01-01,0,1900-01-01,not recorded,-31.9867829,115.8131484
66 Louise Street,Nedlands,WA,6009,66 Louise Street Nedlands WA 6009,"$2,100,000",2020-04-01,House,4,3,2,1012,377,2007-01-01,$2000pw,2011-02-01,not recorded,-31.9859157,115.8004613
62 Williams Road,Nedlands,WA,6009,62 Williams Road Nedlands WA 6009,"$1,205,000",2020-04-01,House,4,3,1,455,203,1937-01-01,$800pw,2017-11-01,not recorded,-31.9748836,115.8095896
24/35 Esplanade,Nedlands,WA,6009,24/35 Esplanade Nedlands WA 6009,"$3,250,000",2020-04-01,Apartment,3,3,3,265,184,2008-01-01,$1900pw,2019-04-01,not recorded,-31.9892903,115.8158059
18 Webster Street,Nedlands,WA,6009,18 Webster Street Nedlands WA 6009,"$1,970,000",2020-04-01,House,4,3,2,1012,212,1950-01-01,0,1900-01-01,not recorded,-31.980476,115.806724
52 The Avenue,Nedlands,WA,6009,52 The Avenue Nedlands WA 6009,"$2,600,000",2020-04-01,House,4,3,2,683,322,2012-01-01,$2300pw,2017-12-01,not recorded,-31.9904005,115.8138416
97 Smyth Road,Nedlands,WA,6009,97 Smyth Road Nedlands WA 6009,"$1,600,000",2020-04-01,House,4,2,1,1012,217,1932-01-01,$650pw,2021-02-01,not recorded,-31.9776052,115.8055454
6 Baird Avenue,Nedlands,WA,6009,6 Baird Avenue Nedlands WA 6009,"$2,300,000",2020-03-01,House,3,3,2,1012,257,2019-01-01,0,1900-01-01,not recorded,-31.9763205,115.8016399
2/24 Tareena Street,Nedlands,WA,6009,2/24 Tareena Street Nedlands WA 6009,"$600,000",2020-03-01,Townhouse,3,1,1,109,116,1984-01-01,$500pw,2010-11-01,not recorded,-31.97278,115.81485
67 Dalkeith Road,Nedlands,WA,6009,67 Dalkeith Road Nedlands WA 6009,"$1,615,000",2020-03-01,House,4,2,2,1012,220,1950-01-01,0,1900-01-01,not recorded,-31.9810558,115.8021483
6 Bedford Street,Nedlands,WA,6009,6 Bedford Street Nedlands WA 6009,"$1,520,000",2020-03-01,House,3,1,2,1012,,1936-01-01,$520pw,2020-01-01,Amanda Gray,-31.9779897,115.8019634
27 Edward Street,Nedlands,WA,6009,27 Edward Street Nedlands WA 6009,"$2,350,000",2020-03-01,House,5,3,3,964,409,2006-01-01,0,1900-01-01,not recorded,-31.9805586,115.8112996
22 Edward Street,Nedlands,WA,6009,22 Edward Street Nedlands WA 6009,"$1,720,000",2020-02-01,House,4,3,4,809,143,1940-01-01,0,1900-01-01,not recorded,-31.9809765,115.8118543
21 Viewway,Nedlands,WA,6009,21 Viewway Nedlands WA 6009,"$1,775,000",2020-02-01,House,5,2,2,880,365,1989-01-01,0,1900-01-01,not recorded,-31.983177,115.8119236
93 Stanley Street,Nedlands,WA,6009,93 Stanley Street Nedlands WA 6009,"$2,775,000",2020-02-01,House,3,2,6,1012,296,2010-01-01,0,1900-01-01,not recorded,-31.9882649,115.8048984
30 DOONAN ROAD,Nedlands,WA,6009,30 DOONAN ROAD Nedlands WA 6009,"$2,000,000",2020-02-01,House,4,2,2,994,287,1935-01-01,$1300pw,2019-05-01,not recorded,-31.9834131,115.797873
89 Clifton Street,Nedlands,WA,6009,89 Clifton Street Nedlands WA 6009,"$1,050,000",2020-02-01,House,3,1,1,468,124,1945-01-01,0,1900-01-01,not recorded,-31.9765929,115.8112534
82 Webster Street,Nedlands,WA,6009,82 Webster Street Nedlands WA 6009,"$2,700,000",2020-02-01,House,4,2,2,1012,356,1935-01-01,$1150pw,2008-11-01,not recorded,-31.9868493,115.8068396
12 Napier Street,Nedlands,WA,6009,12 Napier Street Nedlands WA 6009,"$1,200,000",2020-02-01,House,4,2,2,696,178,1920-01-01,0,1900-01-01,not recorded,-31.9765168,115.7940598
24 Clark Street,Nedlands,WA,6009,24 Clark Street Nedlands WA 6009,"$1,820,000",2020-02-01,House,2,1,1,911,100,1926-01-01,$400pw,2019-12-01,not recorded,-31.9798934,115.8124551
5/111 Stirling Highway,Nedlands,WA,6009,5/111 Stirling Highway Nedlands WA 6009,"$460,000",2020-02-01,Townhouse,2,1,2,72,72,1979-01-01,$350pw,2016-11-01,not recorded,-31.97934,115.80057
1/26 Broome Street,Nedlands,WA,6009,1/26 Broome Street Nedlands WA 6009,"$490,000",2020-02-01,Townhouse,2,1,4,65,65,1980-01-01,0,1900-01-01,not recorded,-31.97934,115.79901
32 Kinninmont Avenue,Nedlands,WA,6009,32 Kinninmont Avenue Nedlands WA 6009,"$2,350,000",2020-01-01,House,5,3,2,1012,291,1952-01-01,0,1900-01-01,not recorded,-31.9764631,115.8050832
82 Bruce Street,Nedlands,WA,6009,82 Bruce Street Nedlands WA 6009,"$1,325,000",2020-01-01,House,3,2,2,885,141,1970-01-01,0,1900-01-01,not recorded,-31.9893392,115.8114845
44 Bulimba Road,Nedlands,WA,6009,44 Bulimba Road Nedlands WA 6009,"$2,225,000",2020-01-01,House,5,3,2,923,289,1940-01-01,0,1900-01-01,not recorded,-31.9857754,115.7943371
27 Megalong Street,Nedlands,WA,6009,27 Megalong Street Nedlands WA 6009,"$1,050,000",2020-01-01,House,3,1,4,491,119,1916-01-01,$550pw,2020-01-01,not recorded,-31.973056,115.816476
2B Bulimba Road,Nedlands,WA,6009,2B Bulimba Road Nedlands WA 6009,"$830,000",2020-01-01,House,2,1,1,124,124,1985-01-01,0,1900-01-01,not recorded,-31.98155,115.79438
1 Betty Street,Nedlands,WA,6009,1 Betty Street Nedlands WA 6009,"$1,420,000",2020-01-01,House,3,1,1,799,138,1946-01-01,0,1900-01-01,not recorded,-31.98668,115.79624
26 Waroonga Road,Nedlands,WA,6009,26 Waroonga Road Nedlands WA 6009,"$2,300,000",2020-01-01,House,6,4,2,923,209,1905-01-01,0,1900-01-01,not recorded,-31.9841212,115.7931816
145 Dalkeith Road,Nedlands,WA,6009,145 Dalkeith Road Nedlands WA 6009,"$1,990,050",2020-01-01,House,4,3,1,1153,245,1939-01-01,0,1900-01-01,not recorded,-31.9884959,115.8023101
43 Mountjoy Road,Nedlands,WA,6009,43 Mountjoy Road Nedlands WA 6009,"$1,650,000",2020-01-01,House,4,2,2,1012,312,1960-01-01,0,1900-01-01,not recorded,-31.9839573,115.8009928
96 Smyth Road,Nedlands,WA,6009,96 Smyth Road Nedlands WA 6009,"$1,690,000",2019-12-01,House,4,3,2,908,267,1930-01-01,$1550pw,2018-02-01,not recorded,-31.9766821,115.806077
20 Cooper Street,Nedlands,WA,6009,20 Cooper Street Nedlands WA 6009,"$1,620,000",2019-12-01,House,3,1,2,911,,1926-01-01,$700pw,2020-11-01,not recorded,-31.9787263,115.8128711
58 The Avenue,Nedlands,WA,6009,58 The Avenue Nedlands WA 6009,"$4,500,000",2019-12-01,House,5,4,4,1045,489,2008-01-01,0,1900-01-01,not recorded,-31.9908749,115.8135643
92 Smyth Road,Nedlands,WA,6009,92 Smyth Road Nedlands WA 6009,"$1,700,000",2019-12-01,House,3,1,1,908,,1946-01-01,0,1900-01-01,not recorded,-31.976325,115.8061001
100 Smyth Road,Nedlands,WA,6009,100 Smyth Road Nedlands WA 6009,"$1,495,000",2019-12-01,House,4,3,2,601,234,1930-01-01,0,1900-01-01,not recorded,-31.9770448,115.8061232
46 Mountjoy Road,Nedlands,WA,6009,46 Mountjoy Road Nedlands WA 6009,"$2,020,000",2019-12-01,House,4,3,2,1012,273,1950-01-01,0,1900-01-01,not recorded,-31.9841638,115.801663
45 Napier Street,Nedlands,WA,6009,45 Napier Street Nedlands WA 6009,"$1,110,000",2019-12-01,House,4,2,2,696,188,1981-01-01,0,1900-01-01,not recorded,-31.9789924,115.7934358
5/63 Stirling Highway,Nedlands,WA,6009,5/63 Stirling Highway Nedlands WA 6009,"$450,000",2019-11-01,Unit,2,1,0,84,84,1949-01-01,$375pw,2020-07-01,not recorded,-31.97815,115.80716
6/192 Hampden Road,Nedlands,WA,6009,6/192 Hampden Road Nedlands WA 6009,"$535,000",2019-11-01,Townhouse,3,2,2,164,118,1999-01-01,$595pw,2010-05-01,not recorded,-31.973727,115.8138647
1/36 Megalong Street,Nedlands,WA,6009,1/36 Megalong Street Nedlands WA 6009,"$680,000",2019-11-01,Townhouse,3,1,2,122,122,1981-01-01,$700pw,2013-06-01,not recorded,-31.973437,115.8168578
11 Leura Street,Nedlands,WA,6009,11 Leura Street Nedlands WA 6009,"$1,070,000",2019-11-01,House,3,2,3,455,156,1982-01-01,0,1900-01-01,not recorded,-31.9722606,115.8121316
1 Elizabeth Street,Nedlands,WA,6009,1 Elizabeth Street Nedlands WA 6009,"$1,315,000",2019-11-01,House,3,3,4,331,241,2002-01-01,0,1900-01-01,not recorded,-31.9835254,115.8141937
74 The Avenue,Nedlands,WA,6009,74 The Avenue Nedlands WA 6009,"$4,950,000",2019-10-01,House,5,6,4,1563,984,2021-01-01,0,1900-01-01,not recorded,-31.9923783,115.8123627
49 Tyrell Street,Nedlands,WA,6009,49 Tyrell Street Nedlands WA 6009,"$2,450,000",2019-10-01,House,6,5,4,1012,394,1991-01-01,0,1900-01-01,not recorded,-31.98391,115.80862
96 Kingsway,Nedlands,WA,6009,96 Kingsway Nedlands WA 6009,"$2,240,000",2019-10-01,House,2,3,2,722,333,2016-01-01,0,1900-01-01,not recorded,-31.9889803,115.8119929
98 Smyth Road,Nedlands,WA,6009,98 Smyth Road Nedlands WA 6009,"$1,655,000",2019-10-01,House,4,2,4,908,165,1939-01-01,0,1900-01-01,not recorded,-31.9768477,115.806077
39 Robinson Street,Nedlands,WA,6009,39 Robinson Street Nedlands WA 6009,"$1,105,000",2019-09-01,House,4,2,2,696,,1976-01-01,0,1900-01-01,not recorded,-31.9785992,115.7957237
4/53 Stirling Highway,Nedlands,WA,6009,4/53 Stirling Highway Nedlands WA 6009,"$415,000",2019-09-01,Townhouse,2,1,1,84,84,1966-01-01,0,1900-01-01,Shellabears - Cottesloe,-31.9779168,115.8086549
20 Hillway,Nedlands,WA,6009,20 Hillway Nedlands WA 6009,"$1,750,000",2019-09-01,House,3,2,2,1012,304,1981-01-01,$875pw,2019-09-01,not recorded,-31.9895147,115.8129635
5/1 Park Road,Nedlands,WA,6009,5/1 Park Road Nedlands WA 6009,"$715,000",2019-09-01,Townhouse,3,2,2,123,119,2006-01-01,$650pw,2012-07-01,Shellabears - Cottesloe,-31.9737462,115.8174928
18 Doonan Road,Nedlands,WA,6009,18 Doonan Road Nedlands WA 6009,"$2,000,000",2019-09-01,House,3,3,2,195,,2021-01-01,0,1900-01-01,not recorded,-31.9822692,115.7978961
40 Dalkeith Road,Nedlands,WA,6009,40 Dalkeith Road Nedlands WA 6009,"$1,635,000",2019-08-01,House,3,2,5,1013,152,1925-01-01,0,1900-01-01,not recorded,-31.9773647,115.802934
20 Lupin Hill Grove,Nedlands,WA,6009,20 Lupin Hill Grove Nedlands WA 6009,"$1,600,000",2019-08-01,House,4,3,2,232,203,2008-01-01,0,1900-01-01,not recorded,-31.9658457,115.8067702
12/3 Vincent Street,Nedlands,WA,6009,12/3 Vincent Street Nedlands WA 6009,"$440,000",2019-08-01,Townhouse,2,1,1,68,68,1979-01-01,0,1900-01-01,Carmen Tutor,-31.9805,115.79824
19 Louise Street,Nedlands,WA,6009,19 Louise Street Nedlands WA 6009,"$2,400,000",2019-08-01,House,5,2,2,1015,,1946-01-01,$850pw,2020-06-01,not recorded,-31.9818677,115.7997449
32 Louise Street,Nedlands,WA,6009,32 Louise Street Nedlands WA 6009,"$1,660,000",2019-08-01,House,4,2,1,1012,280,1980-01-01,$1000pw,2014-11-01,not recorded,-31.9828353,115.8004382
25 Louise Street,Nedlands,WA,6009,25 Louise Street Nedlands WA 6009,"$2,160,000",2019-08-01,House,4,3,2,1012,282,1935-01-01,0,1900-01-01,not recorded,-31.9826803,115.7997218
2C Kanimbla Road,Nedlands,WA,6009,2C Kanimbla Road Nedlands WA 6009,"$576,000",2019-07-01,Townhouse,3,1,2,116,117,1977-01-01,$560pw,2019-07-01,not recorded,-31.9720696,115.8158258
8/7 Taylor Road,Nedlands,WA,6009,8/7 Taylor Road Nedlands WA 6009,"$441,000",2019-07-01,Apartment,2,1,1,93,74,1973-01-01,$460pw,2013-02-01,Dan Hegney Property Group,-31.9821001,115.7948947
20 Dalkeith Road,Nedlands,WA,6009,20 Dalkeith Road Nedlands WA 6009,"$1,400,000",2019-07-01,House,3,2,2,1037,138,1947-01-01,0,1900-01-01,Gordon Davies Real Estate - DALKEITH,-31.9749626,115.802934
42 Mountjoy Road,Nedlands,WA,6009,42 Mountjoy Road Nedlands WA 6009,"$1,700,000",2019-07-01,House,4,3,4,1012,210,1950-01-01,0,1900-01-01,not recorded,-31.9838202,115.801903
2 Louise Street,Nedlands,WA,6009,2 Louise Street Nedlands WA 6009,"$1,145,000",2019-07-01,House,3,2,2,340,195,1995-01-01,0,1900-01-01,Airey Real Estate,-31.980241,115.8004316
91 Melvista Avenue,Nedlands,WA,6009,91 Melvista Avenue Nedlands WA 6009,"$1,730,000",2019-07-01,House,3,2,2,999,,1938-01-01,0,1900-01-01,not recorded,-31.9886396,115.7998373
33 Mountjoy Road,Nedlands,WA,6009,33 Mountjoy Road Nedlands WA 6009,"$1,735,000",2019-07-01,House,4,2,2,1012,,1990-01-01,0,1900-01-01,not recorded,-31.9830048,115.8009928
44 Hillway,Nedlands,WA,6009,44 Hillway Nedlands WA 6009,"$2,150,000",2019-07-01,House,4,3,4,979,339,2015-01-01,$1750pw,2019-05-01,not recorded,-31.9912127,115.8114383
27 Clark Street,Nedlands,WA,6009,27 Clark Street Nedlands WA 6009,"$735,000",2019-07-01,House,2,1,3,118,118,1939-01-01,$350pw,2017-08-01,Kempton Azzopardi - Nedlands,-31.97934,115.81237
22 Vincent Street,Nedlands,WA,6009,22 Vincent Street Nedlands WA 6009,"$1,900,000",2019-06-01,House,4,2,1,1014,,2021-01-01,0,1900-01-01,not recorded,-31.9822881,115.799144
21 Vincent Street,Nedlands,WA,6009,21 Vincent Street Nedlands WA 6009,"$2,060,000",2019-06-01,House,3,2,2,994,211,1955-01-01,0,1900-01-01,not recorded,-31.9822585,115.7986125
103 Smyth Road,Nedlands,WA,6009,103 Smyth Road Nedlands WA 6009,"$1,025,000",2019-06-01,House,3,2,2,235,198,2017-01-01,0,1900-01-01,Burswood Peninsula Real Estate - BURSWOOD,-31.9782777,115.8055502
50 Ord Street,Nedlands,WA,6009,50 Ord Street Nedlands WA 6009,"$1,100,000",2019-06-01,House,3,2,2,696,203,2020-01-01,0,1900-01-01,not recorded,-31.9792581,115.7951691
29 Vincent Street,Nedlands,WA,6009,29 Vincent Street Nedlands WA 6009,"$1,875,000",2019-06-01,House,4,3,2,997,240,1950-01-01,$1450pw,2019-05-01,GRAY & CO. REALTY - Dalkeith,-31.9831898,115.79852
37 Hillway,Nedlands,WA,6009,37 Hillway Nedlands WA 6009,"$1,735,000",2019-06-01,House,5,2,3,911,243,1920-01-01,0,1900-01-01,not recorded,-31.9901473,115.811577
3/32 Martin Avenue,Nedlands,WA,6009,3/32 Martin Avenue Nedlands WA 6009,"$595,000",2019-06-01,House,3,2,2,458,110,1993-01-01,$550pw,2019-02-01,not recorded,-31.9788995,115.8002704
7 Burwood Street,Nedlands,WA,6009,7 Burwood Street Nedlands WA 6009,"$1,700,000",2019-05-01,House,4,2,2,1113,219,1920-01-01,$950pw,2008-06-01,Gordon Davies Real Estate - DALKEITH,-31.9656462,115.8094047
50 Webster Street,Nedlands,WA,6009,50 Webster Street Nedlands WA 6009,"$1,600,000",2019-05-01,House,4,2,2,1012,,1933-01-01,0,1900-01-01,Shellabears - Cottesloe,-31.9835563,115.8067471
16B Kanimbla Road,Nedlands,WA,6009,16B Kanimbla Road Nedlands WA 6009,"$722,000",2019-05-01,Townhouse,3,2,2,491,126,1982-01-01,$580pw,2016-12-01,Abel McGrath Property Group,-31.97248,115.81594
5B Marita Road,Nedlands,WA,6009,5B Marita Road Nedlands WA 6009,"$1,000,000",2019-05-01,House,3,2,2,445,142,1993-01-01,0,1900-01-01,Mint Real Estate - Claremont,-31.98156,115.7960542
11/1 Park Road,Nedlands,WA,6009,11/1 Park Road Nedlands WA 6009,"$550,000",2019-05-01,Townhouse,1,1,1,115,91,2006-01-01,$470pw,2019-05-01,Hub Residential,-31.9737462,115.8174928
13/160 Hampden Road,Nedlands,WA,6009,13/160 Hampden Road Nedlands WA 6009,"$550,000",2019-04-01,Townhouse,2,2,2,148,121,1999-01-01,$600pw,2014-10-01,Abel McGrath Property Group - Claremont,-31.972218,115.8136783
1 Langham Street,Nedlands,WA,6009,1 Langham Street Nedlands WA 6009,"$1,200,000",2019-04-01,House,4,2,4,540,213,2011-01-01,$850pw,2020-04-01,Shellabears - Cottesloe,-31.9730368,115.8067471
34 Thomas Street,Nedlands,WA,6009,34 Thomas Street Nedlands WA 6009,"$1,875,000",2019-04-01,House,6,2,2,1012,283,1955-01-01,0,1900-01-01,not recorded,-31.9822611,115.8081337
53 Jenkins Avenue,Nedlands,WA,6009,53 Jenkins Avenue Nedlands WA 6009,"$1,350,000",2019-04-01,House,3,2,2,461,230,2001-01-01,0,1900-01-01,Abel McGrath Property Group - Claremont,-31.9822978,115.794522
96 Webster Street,Nedlands,WA,6009,96 Webster Street Nedlands WA 6009,"$2,000,000",2019-04-01,House,4,3,4,1012,,1970-01-01,$1100pw,2021-05-01,not recorded,-31.9881117,115.8067471
20 Loch Street,Nedlands,WA,6009,20 Loch Street Nedlands WA 6009,"$875,000",2019-03-01,House,3,1,2,696,139,1945-01-01,0,1900-01-01,not recorded,-31.9770386,115.7916563
58 Loch Street,Nedlands,WA,6009,58 Loch Street Nedlands WA 6009,"$1,490,000",2019-03-01,House,3,2,2,976,233,1940-01-01,0,1900-01-01,not recorded,-31.9797722,115.7916563
5 Doonan Road,Nedlands,WA,6009,5 Doonan Road Nedlands WA 6009,"$1,525,000",2019-03-01,House,4,2,2,461,266,2003-01-01,0,1900-01-01,not recorded,-31.9811572,115.7972952
102 Monash Avenue,Nedlands,WA,6009,102 Monash Avenue Nedlands WA 6009,"$1,250,000",2019-03-01,House,4,2,4,533,137,1933-01-01,$680pw,2021-01-01,Space Real Estate - Cottesloe,-31.970826,115.8097744
15 CLIFTON STREET,Nedlands,WA,6009,15 CLIFTON STREET Nedlands WA 6009,"$990,000",2019-03-01,House,3,1,3,456,142,1930-01-01,$575pw,2020-01-01,not recorded,-31.9720359,115.8110686
90 Stanley Street,Nedlands,WA,6009,90 Stanley Street Nedlands WA 6009,"$1,860,000",2019-03-01,House,5,2,4,1012,230,1935-01-01,0,1900-01-01,Perth Lifestyle Residential - Lifestyle Is Where I,-31.9878959,115.805453
71 Broadway,Nedlands,WA,6009,71 Broadway Nedlands WA 6009,"$1,350,000",2019-03-01,House,3,2,3,549,173,1933-01-01,$695pw,2020-12-01,not recorded,-31.9806199,115.8142576
30B Williams Road,Nedlands,WA,6009,30B Williams Road Nedlands WA 6009,"$900,000",2019-03-01,House,3,2,2,342,174,2007-01-01,0,1900-01-01,Mint Real Estate - Claremont,-31.9727584,115.8095879
41 Weld Street,Nedlands,WA,6009,41 Weld Street Nedlands WA 6009,"$1,150,000",2019-03-01,House,3,2,1,697,147,1960-01-01,$825pw,2013-08-01,not recorded,-31.978711,115.7969254
7 Kanimbla Road,Nedlands,WA,6009,7 Kanimbla Road Nedlands WA 6009,"$1,040,000",2019-02-01,House,3,2,1,483,88,1932-01-01,0,1900-01-01,not recorded,-31.9719304,115.8153668
12/192 Hampden Road,Nedlands,WA,6009,12/192 Hampden Road Nedlands WA 6009,"$485,000",2019-02-01,Townhouse,2,1,2,142,101,1999-01-01,$450pw,2017-01-01,Kempton Azzopardi - Nedlands,-31.973727,115.8138647
16A Dalkeith Road,Nedlands,WA,6009,16A Dalkeith Road Nedlands WA 6009,"$1,630,000",2019-01-01,House,4,2,2,503,239,2009-01-01,$1500pw,2012-11-01,DUET Property Group - Nedlands,-31.9745997,115.8029368
18 COOPER STREET,Nedlands,WA,6009,18 COOPER STREET Nedlands WA 6009,"$1,500,000",2018-12-01,House,4,2,2,910,,1926-01-01,$685pw,2019-03-01,Kempton Azzopardi - Nedlands,-31.9787175,115.8131021
24 Williams Road,Nedlands,WA,6009,24 Williams Road Nedlands WA 6009,"$911,000",2018-12-01,House,2,1,1,456,114,1937-01-01,0,1900-01-01,not recorded,-31.9723572,115.8095896
10 Kingsway,Nedlands,WA,6009,10 Kingsway Nedlands WA 6009,"$2,125,000",2018-12-01,House,4,2,2,880,260,1935-01-01,$1400pw,2019-03-01,not recorded,-31.9813303,115.8136568
79 Clifton Street,Nedlands,WA,6009,79 Clifton Street Nedlands WA 6009,"$1,000,000",2018-12-01,House,3,1,0,468,143,1921-01-01,$550pw,2020-07-01,not recorded,-31.9759918,115.811161
98 Thomas Street,Nedlands,WA,6009,98 Thomas Street Nedlands WA 6009,"$3,700,000",2018-12-01,House,4,4,2,1012,438,2012-01-01,$500pw,2010-01-01,TM Residential - Dalkeith,-31.9884931,115.8080412
63 Vincent Street,Nedlands,WA,6009,63 Vincent Street Nedlands WA 6009,"$2,600,000",2018-12-01,House,5,3,2,961,425,2010-01-01,0,1900-01-01,Caporn Young Estate Agents - Claremont,-31.9862746,115.7984276
61 Williams Road,Nedlands,WA,6009,61 Williams Road Nedlands WA 6009,"$1,250,000",2018-12-01,House,2,1,0,905,114,1929-01-01,$420pw,2019-02-01,Kempton Azzopardi - Nedlands,-31.975791,115.8090349
113 Hardy Road,Nedlands,WA,6009,113 Hardy Road Nedlands WA 6009,"$1,300,000",2018-12-01,House,3,2,4,533,,1935-01-01,0,1900-01-01,Mint Real Estate - Claremont,-31.9713005,115.8094971
92 Bruce Street,Nedlands,WA,6009,92 Bruce Street Nedlands WA 6009,"$2,250,000",2018-12-01,House,5,3,2,1209,241,1940-01-01,$1300pw,2019-01-01,Space Real Estate - Cottesloe,-31.9914969,115.811369
55 Meriwa Street,Nedlands,WA,6009,55 Meriwa Street Nedlands WA 6009,"$955,000",2018-12-01,House,2,1,1,455,124,1933-01-01,$700pw,2014-01-01,Kempton Azzopardi - Nedlands,-31.9749903,115.8100518
27/35 Esplanade,Nedlands,WA,6009,27/35 Esplanade Nedlands WA 6009,"$1,900,000",2018-12-01,Apartment,3,2,2,294,171,2008-01-01,$1000pw,2020-04-01,William Porteous Properties International Pty Lt,-31.9892903,115.8158059
201/30 The Avenue,Nedlands,WA,6009,201/30 The Avenue Nedlands WA 6009,"$1,090,000",2018-11-01,Apartment,2,2,2,189,129,2009-01-01,$795pw,2018-12-01,ACTON Dalkeith,-31.988934,115.8151588
16 Tyrell Street,Nedlands,WA,6009,16 Tyrell Street Nedlands WA 6009,"$1,680,000",2018-11-01,House,4,2,3,809,,1950-01-01,0,1900-01-01,not recorded,-31.9802808,115.8092429
1/1 Park Road,Nedlands,WA,6009,1/1 Park Road Nedlands WA 6009,"$725,000",2018-11-01,Townhouse,3,2,1,198,124,2006-01-01,$650pw,2018-12-01,REG RANSOM REAL ESTATE - DALKEITH,-31.9737462,115.8174928
78 Louise Street,Nedlands,WA,6009,78 Louise Street Nedlands WA 6009,"$1,650,000",2018-11-01,House,3,2,3,1012,437,2020-01-01,$500pw,2018-12-01,William Porteous Properties International Pty Ltd ,-31.9872039,115.8003457
18 Langham Street,Nedlands,WA,6009,18 Langham Street Nedlands WA 6009,"$1,900,000",2018-11-01,House,4,2,3,905,364,1995-01-01,0,1900-01-01,Hub Residential - SWANBOURNE,-31.9746816,115.8072786
22 Louise Street,Nedlands,WA,6009,22 Louise Street Nedlands WA 6009,"$2,400,000",2018-11-01,House,2,1,2,1012,330,1936-01-01,0,1900-01-01,not recorded,-31.9817742,115.8004613
8b Hardy Road,Nedlands,WA,6009,8b Hardy Road Nedlands WA 6009,"$645,000",2018-11-01,Townhouse,3,1,1,115,117,1977-01-01,0,1900-01-01,Kempton Azzopardi - Nedlands,-31.9717545,115.816026
10/2 Waroonga Road,Nedlands,WA,6009,10/2 Waroonga Road Nedlands WA 6009,"$550,000",2018-10-01,Townhouse,2,1,1,150,84,1975-01-01,$410pw,2020-08-01,ACTON Dalkeith,-31.9816877,115.7931353
4B Waroonga Road,Nedlands,WA,6009,4B Waroonga Road Nedlands WA 6009,"$958,000",2018-10-01,House,3,2,2,504,162,1995-01-01,$650pw,2015-12-01,Ockerby Real Estate - WA,-31.9819101,115.7931954
81 The Avenue,Nedlands,WA,6009,81 The Avenue Nedlands WA 6009,"$1,530,000",2018-10-01,House,3,1,3,620,213,1933-01-01,0,1900-01-01,Hub Residential - SWANBOURNE,-31.9923508,115.8113459
126 Princess Road,Nedlands,WA,6009,126 Princess Road Nedlands WA 6009,"$1,200,000",2018-10-01,House,3,2,2,810,222,1937-01-01,0,1900-01-01,Space Real Estate - Cottesloe,-31.9867282,115.7973876
19 Napier Street,Nedlands,WA,6009,19 Napier Street Nedlands WA 6009,"$1,250,000",2018-10-01,House,4,2,2,697,,1950-01-01,$800pw,2015-10-01,One Agency West Coast,-31.9770714,115.7934127
15 Mountjoy Road,Nedlands,WA,6009,15 Mountjoy Road Nedlands WA 6009,"$1,545,000",2018-10-01,Townhouse,4,2,2,1012,144,2021-01-01,0,1900-01-01,Duet Property Group - Nedlands,-31.9812139,115.801039
132 Dalkeith Road,Nedlands,WA,6009,132 Dalkeith Road Nedlands WA 6009,"$1,550,000",2018-10-01,House,2,1,2,999,133,1935-01-01,$520pw,2020-01-01,Ray White - Dalkeith | Claremont,-31.9873614,115.8029572
30 Stanley Street,Nedlands,WA,6009,30 Stanley Street Nedlands WA 6009,"$1,615,000",2018-10-01,House,4,2,1,1012,,1948-01-01,$600pw,2019-02-01,Hub Residential - SWANBOURNE,-31.9820981,115.805453
75 Dalkeith Road,Nedlands,WA,6009,75 Dalkeith Road Nedlands WA 6009,"$1,925,000",2018-10-01,House,4,2,2,1012,291,1930-01-01,0,1900-01-01,Duet Property Group - Nedlands,-31.9817611,115.8023332
7 Bruce Street,Nedlands,WA,6009,7 Bruce Street Nedlands WA 6009,"$1,700,000",2018-09-01,House,4,2,2,814,205,1935-01-01,0,1900-01-01,Duet Property Group - Nedlands,-31.9792196,115.8107912
15 Napier Street,Nedlands,WA,6009,15 Napier Street Nedlands WA 6009,"$1,170,000",2018-09-01,House,4,2,2,696,166,1940-01-01,$220pw,2014-08-01,Gordon Davies Real Estate - DALKEITH,-31.9767815,115.7934127
52 Louise Street,Nedlands,WA,6009,52 Louise Street Nedlands WA 6009,"$2,300,000",2018-09-01,House,4,2,4,1012,308,2018-01-01,0,1900-01-01,Abel Property - Leederville,-31.9846776,115.8003457
41 Broome Street,Nedlands,WA,6009,41 Broome Street Nedlands WA 6009,"$1,505,000",2018-09-01,House,5,2,2,787,238,1938-01-01,$1150pw,2012-11-01,Ray White - Dalkeith | Claremont,-31.9787099,115.7982658
7/28 Stirling Highway,Nedlands,WA,6009,7/28 Stirling Highway Nedlands WA 6009,"$592,000",2018-09-01,Unit,2,1,1,110,110,1979-01-01,0,1900-01-01,Hub Residential - SWANBOURNE,-31.9782863,115.8104797
7/79 Williams Road,Nedlands,WA,6009,7/79 Williams Road Nedlands WA 6009,"$900,000",2018-09-01,House,3,2,2,311,200,2006-01-01,0,1900-01-01,Mark Anderson,-31.9775091,115.8089425
82 Monash Avenue,Nedlands,WA,6009,82 Monash Avenue Nedlands WA 6009,"$1,355,000",2018-08-01,House,2,1,1,533,,1930-01-01,0,1900-01-01,Gordon Davies Real Estate - DALKEITH,-31.9708461,115.8112072
54 Viewway,Nedlands,WA,6009,54 Viewway Nedlands WA 6009,"$1,520,000",2018-08-01,House,5,3,3,713,297,1926-01-01,0,1900-01-01,The Agency,-31.986665,115.8125475
24 Loch Street,Nedlands,WA,6009,24 Loch Street Nedlands WA 6009,"$1,000,000",2018-08-01,House,3,1,1,697,145,1920-01-01,0,1900-01-01,Abel Property - Cottesloe,-31.9773285,115.7916563
11 Kingsway,Nedlands,WA,6009,11 Kingsway Nedlands WA 6009,"$2,180,000",2018-07-01,House,5,3,2,880,312,1926-01-01,0,1900-01-01,Ray White - Dalkeith | Claremont,-31.9821077,115.8130328
2 Dalkeith Road,Nedlands,WA,6009,2 Dalkeith Road Nedlands WA 6009,"$1,400,000",2018-07-01,House,3,1,0,1037,,1960-01-01,0,1900-01-01,Abel McGrath Property Group - Claremont,-31.972886,115.8028647
28 Williams Road,Nedlands,WA,6009,28 Williams Road Nedlands WA 6009,"$1,220,000",2018-07-01,House,3,1,2,456,123,1937-01-01,$530pw,2011-10-01,Abel McGrath Property Group - Claremont,-31.9725743,115.8095434
13 Boronia Avenue,Nedlands,WA,6009,13 Boronia Avenue Nedlands WA 6009,"$1,620,000",2018-07-01,House,4,2,6,1036,328,1995-01-01,$1100pw,2017-06-01,William Porteous Properties International Pty Ltd ,-31.9743752,115.80335
34 Stanley Street,Nedlands,WA,6009,34 Stanley Street Nedlands WA 6009,"$1,530,000",2018-07-01,House,5,5,0,1012,491,2020-01-01,0,1900-01-01,Rossen Real Estate - Nedlands,-31.9824865,115.8054761
117 Dalkeith Road,Nedlands,WA,6009,117 Dalkeith Road Nedlands WA 6009,"$1,455,000",2018-06-01,House,3,1,1,1012,300,1945-01-01,$1500pw,2021-04-01,Caporn Young Estate Agents - Claremont,-31.9857469,115.802287
32 Lupin Hill Grove,Nedlands,WA,6009,32 Lupin Hill Grove Nedlands WA 6009,"$1,380,000",2018-06-01,House,3,2,2,232,203,2006-01-01,$1000pw,2015-04-01,Realmark Western Suburbs - NEDLANDS,-31.9658595,115.8072786
18 Viewway,Nedlands,WA,6009,18 Viewway Nedlands WA 6009,"$2,800,000",2018-06-01,House,5,3,2,883,341,1989-01-01,0,1900-01-01,Abel McGrath Property Group - Claremont,-31.9826223,115.8125706
88a Bruce Street,Nedlands,WA,6009,88a Bruce Street Nedlands WA 6009,"$1,250,000",2018-06-01,House,3,3,2,376,158,1950-01-01,$995pw,2014-08-01,Abel McGrath Property Group - Claremont,-31.98993,115.81138
84 Mountjoy Road,Nedlands,WA,6009,84 Mountjoy Road Nedlands WA 6009,"$1,775,000",2018-06-01,House,3,1,2,1012,353,1935-01-01,$590pw,2015-05-01,Abel McGrath Property Group - Claremont,-31.9877925,115.8016399
67C Loftus Street,Nedlands,WA,6009,67C Loftus Street Nedlands WA 6009,"$710,000",2018-06-01,Unit,3,1,2,268,129,1988-01-01,0,1900-01-01,Abel McGrath Property Group - Claremont,-31.98053,115.79216
28 Napier Street,Nedlands,WA,6009,28 Napier Street Nedlands WA 6009,"$1,780,000",2018-05-01,House,4,2,3,697,340,2001-01-01,0,1900-01-01,Abel McGrath Property Group - Claremont,-31.9776294,115.7939904
6 LEOPOLD STREET,Nedlands,WA,6009,6 LEOPOLD STREET Nedlands WA 6009,"$1,950,000",2018-05-01,House,4,3,2,498,127,2018-01-01,0,1900-01-01,Space Real Estate - Cottesloe,-31.9869882,115.7950894
70 Mountjoy Road,Nedlands,WA,6009,70 Mountjoy Road Nedlands WA 6009,"$1,700,000",2018-05-01,House,4,2,2,1012,333,1933-01-01,$1250pw,2015-06-01,Kempton Azzopardi - Nedlands,-31.9863173,115.801663
16 Dalkeith Road,Nedlands,WA,6009,16 Dalkeith Road Nedlands WA 6009,"$1,675,000",2018-05-01,House,4,2,4,533,310,2009-01-01,0,1900-01-01,Abel McGrath Property Group - Claremont,-31.9744969,115.8029803
37 Marita Road,Nedlands,WA,6009,37 Marita Road Nedlands WA 6009,"$1,720,000",2018-05-01,House,6,2,1,923,,1959-01-01,0,1900-01-01,Abel McGrath Property Group - Claremont,-31.9847885,115.7961166
8/89 Winthrop Avenue,Nedlands,WA,6009,8/89 Winthrop Avenue Nedlands WA 6009,"$455,000",2018-05-01,House,2,2,1,100,70,2013-01-01,$450pw,2016-09-01,Kempton Azzopardi - Nedlands,-31.9720124,115.8175621
85 Florence Road,Nedlands,WA,6009,85 Florence Road Nedlands WA 6009,"$2,115,000",2018-05-01,House,5,3,2,1012,414,1938-01-01,0,1900-01-01,Jamie Loh Real Estate - Cottesloe,-31.9883176,115.8035118
1/61 Stirling Highway,Nedlands,WA,6009,1/61 Stirling Highway Nedlands WA 6009,"$390,000",2018-05-01,Unit,2,1,1,130,90,1967-01-01,0,1900-01-01,Acton - Dalkeith,-31.9802878,115.7950997
30 Monash Avenue,Nedlands,WA,6009,30 Monash Avenue Nedlands WA 6009,"$960,000",2018-05-01,House,5,2,3,490,207,1999-01-01,$650pw,2018-06-01,Shellabears - Cottesloe,-31.9708423,115.8152281
24 Kingsway,Nedlands,WA,6009,24 Kingsway Nedlands WA 6009,"$1,375,000",2018-05-01,House,4,1,2,883,,1933-01-01,0,1900-01-01,not recorded,-31.9826555,115.8136568
13 Vincent Street,Nedlands,WA,6009,13 Vincent Street Nedlands WA 6009,"$1,430,000",2018-04-01,House,2,1,1,997,,1928-01-01,0,1900-01-01,Rossen Real Estate - Nedlands,-31.9815802,115.7985894
51 Taylor Road,Nedlands,WA,6009,51 Taylor Road Nedlands WA 6009,"$1,300,000",2018-04-01,House,0,0,2,923,253,1939-01-01,0,1900-01-01,Abel McGrath Property Group - Claremont,-31.9862919,115.7949148
22 Dalkeith Road,Nedlands,WA,6009,22 Dalkeith Road Nedlands WA 6009,"$1,360,000",2018-04-01,House,4,2,1,535,234,2020-01-01,0,1900-01-01,Abel McGrath Property Group - Claremont,-31.9752525,115.802934
45 Louise Street,Nedlands,WA,6009,45 Louise Street Nedlands WA 6009,"$1,635,000",2018-04-01,House,4,1,3,1056,191,1931-01-01,0,1900-01-01,Airey Real Estate - CLAREMONT,-31.9846739,115.7997911
42A Langham Street,Nedlands,WA,6009,42A Langham Street Nedlands WA 6009,"$900,000",2018-04-01,House,2,1,2,102,102,1945-01-01,0,1900-01-01,Airey Real Estate - CLAREMONT,-31.97707,115.80728
18 Leopold Street,Nedlands,WA,6009,18 Leopold Street Nedlands WA 6009,"$2,200,000",2018-04-01,House,4,2,2,1019,261,1945-01-01,0,1900-01-01,Abel Property - Leederville,-31.9883225,115.7950997
19/35 Esplanade,Nedlands,WA,6009,19/35 Esplanade Nedlands WA 6009,"$1,380,000",2018-04-01,Apartment,3,2,2,184,131,2008-01-01,$875pw,2017-12-01,Ray White City Residential (Perth),-31.9892903,115.8158059
67 Verdun Street,Nedlands,WA,6009,67 Verdun Street Nedlands WA 6009,"$1,200,000",2018-03-01,House,4,3,2,305,348,2010-01-01,$1250pw,2017-04-01,Realmark Western Suburbs - NEDLANDS,-31.9669589,115.8060307
2 Boronia Avenue,Nedlands,WA,6009,2 Boronia Avenue Nedlands WA 6009,"$1,440,000",2018-03-01,House,4,3,2,760,251,1960-01-01,0,1900-01-01,Mack Hall Real Estate - Claremont,-31.9728779,115.8039509
4/112 Stirling Highway,Nedlands,WA,6009,4/112 Stirling Highway Nedlands WA 6009,"$520,000",2018-03-01,Apartment,2,1,1,104,88,1939-01-01,$350pw,2018-06-01,Abel McGrath Property Group - Claremont,-31.9799908,115.8005313
4/36 Martin Avenue,Nedlands,WA,6009,4/36 Martin Avenue Nedlands WA 6009,"$420,000",2018-03-01,House,2,1,1,88,73,1988-01-01,$350pw,2018-11-01,Acton - Dalkeith,-31.9793627,115.8001674
87 Meriwa Street,Nedlands,WA,6009,87 Meriwa Street Nedlands WA 6009,"$1,500,000",2018-03-01,House,4,3,2,468,217,1933-01-01,0,1900-01-01,Abel McGrath Property Group - Claremont,-31.9768552,115.8102366
67 Archdeacon Street,Nedlands,WA,6009,67 Archdeacon Street Nedlands WA 6009,"$1,925,000",2018-03-01,House,4,2,2,810,,1940-01-01,0,1900-01-01,Abel McGrath Property Group - Claremont,-31.9853212,115.8097744
3/52 Weld Street,Nedlands,WA,6009,3/52 Weld Street Nedlands WA 6009,"$695,000",2018-03-01,Townhouse,3,1,3,117,117,1982-01-01,0,1900-01-01,William Porteous Properties International Pty Ltd ,-31.9794592,115.7976327
47 Archdeacon Street,Nedlands,WA,6009,47 Archdeacon Street Nedlands WA 6009,"$1,780,000",2018-03-01,House,3,2,2,809,210,1936-01-01,$800pw,2007-01-01,Hub Residential - SWANBOURNE,-31.9833334,115.8097744
2/20 Monash Avenue,Nedlands,WA,6009,2/20 Monash Avenue Nedlands WA 6009,"$580,000",2018-03-01,Townhouse,3,1,2,98,98,1981-01-01,$400pw,2020-07-01,Kim Roberts & Associates Real Estate - NEDLANDS,-31.9708887,115.8159676
2/2A Marita Road,Nedlands,WA,6009,2/2A Marita Road Nedlands WA 6009,"$510,000",2018-03-01,Townhouse,2,1,1,83,83,1965-01-01,$480pw,2020-02-01,Acton - Dalkeith,-31.9810199,115.7967468
27 Langham Street,Nedlands,WA,6009,27 Langham Street Nedlands WA 6009,"$1,930,000",2018-03-01,House,4,2,3,908,281,1930-01-01,0,1900-01-01,Abel McGrath Property Group - Claremont,-31.975609,115.8066316
9 Webster Street,Nedlands,WA,6009,9 Webster Street Nedlands WA 6009,"$480,000",2018-03-01,Unit,2,1,1,1012,84,1938-01-01,0,1900-01-01,not recorded,-31.9799314,115.8060338
10/47 Boronia Avenue,Nedlands,WA,6009,10/47 Boronia Avenue Nedlands WA 6009,"$530,000",2018-03-01,Townhouse,3,1,1,108,108,1976-01-01,$520pw,2014-01-01,Rossen Real Estate - Nedlands,-31.9783767,115.8032138
9/1 Park Road,Nedlands,WA,6009,9/1 Park Road Nedlands WA 6009,"$560,000",2018-03-01,Townhouse,1,1,1,145,90,2006-01-01,0,1900-01-01,Kempton Azzopardi - Nedlands,-31.9737462,115.8174928
41 Bulimba Road,Nedlands,WA,6009,41 Bulimba Road Nedlands WA 6009,"$1,625,000",2018-03-01,House,4,2,2,923,211,1983-01-01,$750pw,2017-07-01,Kempton Azzopardi - Nedlands,-31.9855589,115.7937131
110 Williams Road,Nedlands,WA,6009,110 Williams Road Nedlands WA 6009,"$935,000",2018-03-01,House,3,2,3,706,94,1945-01-01,0,1900-01-01,Abel McGrath Property Group - Claremont,-31.97745,115.8099
5 Viewway,Nedlands,WA,6009,5 Viewway Nedlands WA 6009,"$2,000,000",2018-03-01,House,4,2,2,883,,1935-01-01,0,1900-01-01,Rossen Real Estate - Nedlands,-31.9817119,115.8119005
6 Loneragan Street,Nedlands,WA,6009,6 Loneragan Street Nedlands WA 6009,"$1,800,000",2018-02-01,House,4,3,2,397,377,2008-01-01,$1495pw,2017-12-01,Realmark Western Suburbs - NEDLANDS,-31.9666602,115.8062618
1/1 Webster Street,Nedlands,WA,6009,1/1 Webster Street Nedlands WA 6009,"$550,000",2018-02-01,Townhouse,2,1,1,225,93,1990-01-01,0,1900-01-01,Ian Hutchison - South Perth,-31.9790955,115.8062156
1A Thomas Street,Nedlands,WA,6009,1A Thomas Street Nedlands WA 6009,"$1,525,000",2018-02-01,House,5,1,4,1015,361,1938-01-01,0,1900-01-01,Abel McGrath Property Group - Claremont,-31.9789482,115.8073733
1/59 Stirling Highway,Nedlands,WA,6009,1/59 Stirling Highway Nedlands WA 6009,"$537,500",2018-02-01,Unit,2,1,1,109,90,1930-01-01,$500pw,2014-09-01,Mint Real Estate - Claremont,-31.9781373,115.8076715
25 Bruce Street,Nedlands,WA,6009,25 Bruce Street Nedlands WA 6009,"$1,640,000",2018-02-01,House,4,3,2,804,209,1924-01-01,$930pw,2020-02-01,Hub Residential - SWANBOURNE,-31.9808348,115.8107912
89 Florence Road,Nedlands,WA,6009,89 Florence Road Nedlands WA 6009,"$1,950,000",2018-02-01,House,4,3,4,1012,488,2021-01-01,0,1900-01-01,Abel McGrath Property Group - Claremont,-31.9886289,115.8036042
36 Cooper Street,Nedlands,WA,6009,36 Cooper Street Nedlands WA 6009,"$1,660,000",2018-02-01,House,4,2,2,741,208,1925-01-01,$1250pw,2020-11-01,Acton - Dalkeith,-31.9790677,115.8112996
64 Florence Road,Nedlands,WA,6009,64 Florence Road Nedlands WA 6009,"$1,620,000",2018-02-01,House,0,0,2,1012,260,1938-01-01,0,1900-01-01,Abel McGrath Property Group - Claremont,-31.9857394,115.8042282
1A Bulimba Road,Nedlands,WA,6009,1A Bulimba Road Nedlands WA 6009,"$910,000",2018-02-01,House,3,2,6,145,134,1981-01-01,$570pw,2019-07-01,Shellabears - Cottesloe,-31.9815532,115.7936796
83 Thomas Street,Nedlands,WA,6009,83 Thomas Street Nedlands WA 6009,"$3,700,000",2018-02-01,House,6,3,6,1012,318,2017-01-01,0,1900-01-01,Abel McGrath Property Group - Claremont,-31.9873343,115.8073711
24 Thomas Street,Nedlands,WA,6009,24 Thomas Street Nedlands WA 6009,"$3,000,000",2018-02-01,House,4,4,4,1012,363,1933-01-01,0,1900-01-01,Abel McGrath Property Group - Claremont,-31.9813858,115.8080644
21 Meriwa Street,Nedlands,WA,6009,21 Meriwa Street Nedlands WA 6009,"$960,000",2018-02-01,House,2,1,2,456,89,1927-01-01,$650pw,2016-04-01,Bellcourt Property Group - Dalkeith | Shenton Park,-31.9727538,115.8100518
26 Webster Street,Nedlands,WA,6009,26 Webster Street Nedlands WA 6009,"$1,300,000",2018-01-01,House,4,2,1,675,174,1974-01-01,$900pw,2016-01-01,Ray White - Dalkeith | Claremont,-31.9813871,115.806724
69 Vincent Street,Nedlands,WA,6009,69 Vincent Street Nedlands WA 6009,"$2,000,000",2018-01-01,House,5,3,2,998,260,1973-01-01,0,1900-01-01,Abel McGrath Property Group - Claremont,-31.9869999,115.79852
120 Dalkeith Road,Nedlands,WA,6009,120 Dalkeith Road Nedlands WA 6009,"$1,451,000",2018-01-01,House,4,2,2,946,,1951-01-01,$600pw,2018-01-01,Caporn Young Estate Agents - Claremont,-31.9860619,115.802934
51 Thomas Street,Nedlands,WA,6009,51 Thomas Street Nedlands WA 6009,"$1,900,000",2018-01-01,House,4,2,2,1012,259,1935-01-01,$1350pw,2015-07-01,Hub Residential - SWANBOURNE,-31.9843268,115.8073942
21 Portland Street,Nedlands,WA,6009,21 Portland Street Nedlands WA 6009,"$1,760,000",2018-01-01,House,7,2,6,905,170,1932-01-01,0,1900-01-01,Hub Residential - SWANBOURNE,-31.9750524,115.8077639
33 Hillway,Nedlands,WA,6009,33 Hillway Nedlands WA 6009,"$2,250,000",2018-01-01,House,4,3,2,910,299,1950-01-01,0,1900-01-01,William Porteous Properties International Pty Ltd ,-31.9898901,115.811808
68 Vincent Street,Nedlands,WA,6009,68 Vincent Street Nedlands WA 6009,"$2,125,000",2018-01-01,House,4,2,2,1136,285,1955-01-01,0,1900-01-01,Abel McGrath Property Group - Claremont,-31.9872735,115.7991671
35 Taylor Road,Nedlands,WA,6009,35 Taylor Road Nedlands WA 6009,"$1,400,000",2018-01-01,House,3,1,3,923,188,1960-01-01,$680pw,2011-11-01,Abel McGrath Property Group - Claremont,-31.9848167,115.794938
35 Weld Street,Nedlands,WA,6009,35 Weld Street Nedlands WA 6009,"$1,710,000",2018-01-01,House,4,2,3,697,285,2002-01-01,0,1900-01-01,Ray White - Dalkeith | Claremont,-31.9783069,115.7968792
14/51 Stirling Highway,Nedlands,WA,6009,14/51 Stirling Highway Nedlands WA 6009,"$420,000",2018-01-01,Townhouse,2,1,1,,,1966-01-01,$330pw,2018-11-01,Kempton Azzopardi - Nedlands,-31.97792,115.80865
74 Smyth Road,Nedlands,WA,6009,74 Smyth Road Nedlands WA 6009,"$1,330,000",2017-12-01,House,3,2,3,909,909,1955-01-01,$700pw,2017-12-01,William Porteous Properties International Pty Ltd ,-31.9743213,115.806077
12 Kanimbla Road,Nedlands,WA,6009,12 Kanimbla Road Nedlands WA 6009,"$1,185,000",2017-12-01,House,3,2,2,491,144,1932-01-01,$700pw,2012-11-01,Hub Residential - SWANBOURNE,-31.9722755,115.8158752
32 Bedford Street,Nedlands,WA,6009,32 Bedford Street Nedlands WA 6009,"$1,956,000",2017-12-01,House,4,2,3,787,351,2004-01-01,$1525pw,2021-02-01,Space Real Estate - Cottesloe,-31.9779027,115.7981825
51 Robinson Street,Nedlands,WA,6009,51 Robinson Street Nedlands WA 6009,"$1,370,000",2017-12-01,House,3,2,2,697,,1938-01-01,$975pw,2016-02-01,Space Real Estate - Cottesloe,-31.9793761,115.7957699
23/35 Esplanade,Nedlands,WA,6009,23/35 Esplanade Nedlands WA 6009,"$2,015,000",2017-12-01,Apartment,3,2,2,333,176,2008-01-01,0,1900-01-01,Mint Real Estate - Claremont,-31.9892903,115.8158059
